{"25.0": {"0.5": 0.0004913793103448276, "0.025": 0.0003087189444626398, "0.975": 0.0009570523071586216, "0.16": 0.0004077804070491579, "0.84": 0.0006990899555315419, "-1.0": 0.0005103961068237464}, "10.0": {"0.5": 0.0007253787878787879, "0.025": 0.00044021245971400855, "0.975": 0.0017644677290505418, "0.16": 0.000521500946718164, "0.84": 0.0010493624058385764, "-1.0": 0.0007543729689800514}, "20.0": {"0.5": 0.0004976489028213167, "0.025": 0.00031285632499224733, "0.975": 0.00098006836239912, "0.16": 0.00041396726783207846, "0.84": 0.0007183696654840658, "-1.0": 0.0006276100420333399}, "30.0": {"0.5": 0.000580188679245283, "0.025": 0.0003697155583339845, "0.975": 0.0011300951625257524, "0.16": 0.00045243965928974184, "0.84": 0.0007806982437510405, "-1.0": 0.0006429538678016425}, "15.0": {"0.5": 0.00048045267489711934, "0.025": 0.00023884653961885657, "0.975": 0.000976705648573977, "0.16": 0.0003490039597733238, "0.84": 0.0007077271269526078, "-1.0": 0.0005260017270922514}}