{"40.0": {"0.5": 0.0005906249999999999, "0.025": 0.00030454101562499996, "0.975": 0.001209684133529663, "0.16": 0.00041182250976562495, "0.84": 0.0008637187957763671, "-1.0": 0.0005686644565536318}, "30.0": {"0.5": 0.0004921875, "0.025": 0.000255706787109375, "0.975": 0.0009908729791641235, "0.16": 0.0003434633016586304, "0.84": 0.0007119181156158448, "-1.0": 0.0005342548164125703}}