{"40.0": {"0.5": 0.0005531249999999999, "0.025": 0.0002895263671875, "0.975": 0.001103786015510559, "0.16": 0.0003904352188110351, "0.84": 0.0007956507682800292, "-1.0": 0.0008382453094582466}, "50.0": {"0.5": 0.000697265625, "0.025": 0.0003649749755859375, "0.975": 0.0013914252042770386, "0.16": 0.0004921799898147583, "0.84": 0.0010029919981956483, "-1.0": 0.0008981904734647791}, "75.0": {"0.5": 0.024140625, "0.025": 0.012541809082031249, "0.975": 0.04859996080398559, "0.16": 0.01698198080062866, "0.84": 0.03491788744926452, "-1.0": 0.024369269984134266}, "60.0": {"0.5": 0.0016875, "0.025": 0.000876708984375, "0.975": 0.003371870756149292, "0.16": 0.0011870899200439454, "0.84": 0.002434135675430298, "-1.0": 0.0019005428864638052}}