{"800.0": {"0.5": 1.2890625, "0.025": 0.65460205078125, "0.975": 2.652888774871826, "0.16": 0.8974814414978027, "0.84": 1.8799622058868408, "-1.0": 1.236769183901373}, "450.0": {"0.5": 0.3583984375, "0.025": 0.18339920043945312, "0.975": 0.7278121113777161, "0.16": 0.2503910958766937, "0.84": 0.5212578773498535, "-1.0": 0.3306675922794593}, "100.0": {"0.5": 0.10078125, "0.025": 0.0535400390625, "0.975": 0.19441928863525393, "0.16": 0.07199363708496094, "0.84": 0.14255995750427247, "-1.0": 0.08687627086184264}, "200.0": {"0.5": 0.12109375, "0.025": 0.063385009765625, "0.975": 0.23981349468231203, "0.16": 0.08547663688659668, "0.84": 0.17370640039443971, "-1.0": 0.14763127892429795}, "300.0": {"0.5": 0.17568359374999998, "0.025": 0.09058685302734375, "0.975": 0.3541379451751709, "0.16": 0.12316294908523559, "0.84": 0.25481549501419065, "-1.0": 0.1698500141921318}, "400.0": {"0.5": 0.3046875, "0.025": 0.1571044921875, "0.975": 0.6088100075721741, "0.16": 0.21360111236572266, "0.84": 0.4394967257976532, "-1.0": 0.27300075483952085}, "1000.0": {"0.5": 2.4609375, "0.025": 1.24969482421875, "0.975": 5.107061862945557, "0.16": 1.7039108276367188, "0.84": 3.608637571334839, "-1.0": 2.3897784733756646}, "500.0": {"0.5": 0.4609375, "0.025": 0.2376708984375, "0.975": 0.9291446208953857, "0.16": 0.3213958740234375, "0.84": 0.6685543060302734, "-1.0": 0.43200143244935674}, "85.0": {"0.5": 0.2392578125, "0.025": 0.127105712890625, "0.975": 0.46524181962013245, "0.16": 0.17003893852233887, "0.84": 0.3393954634666443, "-1.0": 0.26979352741276097}, "150.0": {"0.5": 0.08984375, "0.025": 0.0477294921875, "0.975": 0.17356433868408205, "0.16": 0.06418037414550781, "0.84": 0.12744646072387697, "-1.0": 0.11302953275695021}, "600.0": {"0.5": 0.6171875, "0.025": 0.31341552734375, "0.975": 1.2625406980514526, "0.16": 0.4297032356262207, "0.84": 0.9001030921936035, "-1.0": 0.5906325087505206}, "900.0": {"0.5": 1.8359375, "0.025": 0.93231201171875, "0.975": 3.7783567905426025, "0.16": 1.2711715698242188, "0.84": 2.6775219440460205, "-1.0": 1.7176643159546006}, "250.0": {"0.5": 0.1328125, "0.025": 0.0684814453125, "0.975": 0.26737841963768005, "0.16": 0.0931081771850586, "0.84": 0.19210489094257355, "-1.0": 0.139083549599098}, "700.0": {"0.5": 0.89453125, "0.025": 0.454254150390625, "0.975": 1.8298850059509277, "0.16": 0.6227977275848389, "0.84": 1.3045798540115356, "-1.0": 0.8834597194806675}, "125.0": {"0.5": 0.08164062500000001, "0.025": 0.04337158203125, "0.975": 0.156976056098938, "0.16": 0.05832042694091797, "0.84": 0.11548461914062501, "-1.0": 0.09231806053296147}, "350.0": {"0.5": 0.23291015625, "0.025": 0.12009429931640625, "0.975": 0.46744465827941895, "0.16": 0.1632816195487976, "0.84": 0.3368898242712021, "-1.0": 0.21138957312793827}}