{"200.0": {"0.5": 0.0076171875, "0.025": 0.004046630859375, "0.975": 0.014832298755645752, "0.16": 0.005413484573364258, "0.84": 0.01083560585975647, "-1.0": 0.003799246675615311}, "250.0": {"0.5": 0.015859375000000002, "0.025": 0.00836334228515625, "0.975": 0.03073838233947754, "0.16": 0.011232917308807374, "0.84": 0.022497069835662842, "-1.0": 0.007800761548910334}, "125.0": {"0.5": 0.004171875, "0.025": 0.00221630859375, "0.975": 0.007995048999786376, "0.16": 0.002980201721191406, "0.84": 0.00590131950378418, "-1.0": 0.0017024310040601013}, "150.0": {"0.5": 0.00534375, "0.025": 0.0028388671875, "0.975": 0.010323304653167725, "0.16": 0.0038173370361328125, "0.84": 0.007580293893814087, "-1.0": 0.0023286017263320575}}