{"40.0": {"0.5": 1.2140625e-05, "0.025": 6.3548583984375e-06, "0.975": 2.401128959655762e-05, "0.16": 8.569722175598145e-06, "0.84": 1.7367074489593508e-05, "-1.0": 1.8877441308729058e-05}, "20.0": {"0.5": 9.0625e-06, "0.025": 4.8144531249999995e-06, "0.975": 1.762222099304199e-05, "0.16": 6.473846435546875e-06, "0.84": 1.2855468749999999e-05, "-1.0": 1.9163465237086004e-05}, "30.0": {"0.5": 1.0406249999999999e-05, "0.025": 5.528320312499999e-06, "0.975": 2.016922378540039e-05, "0.16": 7.3956527709960936e-06, "0.84": 1.4761624336242675e-05, "-1.0": 2.138586599893248e-05}}