{"12.5": {"0.5": 2.2239089184060722e-05, "0.025": 1.5809800200915282e-05, "0.975": 3.203034088597974e-05, "0.16": 1.9311072937029387e-05, "0.84": 2.4391184898840702e-05, "-1.0": 3.4322363424073795e-05}, "17.5": {"0.5": 1.0623145400593473e-05, "0.025": 7.18660214728565e-06, "0.975": 2.16927035671704e-05, "0.16": 8.75049343020314e-06, "0.84": 1.7347068067292554e-05, "-1.0": 2.2245724574246673e-05}, "10.0": {"0.5": 4.049520766773163e-05, "0.025": 2.4760642995937114e-05, "0.975": 5.2531079679567485e-05, "0.16": 3.217159655509618e-05, "0.84": 4.660867485031578e-05, "-1.0": 5.7414926359046366e-05}, "15.0": {"0.5": 1.6047904191616766e-05, "0.025": 9.091103690384451e-06, "0.975": 2.350980756024114e-05, "0.16": 9.976625828746757e-06, "0.84": 2.0596099562032878e-05, "-1.0": 2.4092452904295446e-05}, "20.0": {"0.5": 9.967105263157895e-06, "0.025": 6.251934984520125e-06, "0.975": 2.1917016022593853e-05, "0.16": 8.26716481261647e-06, "0.84": 1.7162213963601193e-05, "-1.0": 2.2348220285595724e-05}, "25.0": {"0.5": 9.846153846153848e-06, "0.025": 5.502262443438915e-06, "0.975": 2.163480338227498e-05, "0.16": 7.84208440134239e-06, "0.84": 1.6753206687930565e-05, "-1.0": 2.246716151486387e-05}, "30.0": {"0.5": 1.0940438871473355e-05, "0.025": 5.972344161545216e-06, "0.975": 2.2646308758542513e-05, "0.16": 8.276772324297855e-06, "0.84": 1.8058887813521365e-05, "-1.0": 2.3411759989804307e-05}}