{"400.0": {"0.5": 0.026015625, "0.025": 0.0136175537109375, "0.975": 0.051521220207214356, "0.16": 0.01836369037628174, "0.84": 0.0373188591003418, "-1.0": 0.03652033930769952}, "250.0": {"0.5": 0.0103515625, "0.025": 0.005458831787109375, "0.975": 0.020156712532043458, "0.16": 0.007331830263137817, "0.84": 0.014725310802459717, "-1.0": 0.010919832755598125}, "300.0": {"0.5": 0.0134375, "0.025": 0.0070336914062500006, "0.975": 0.02637136697769165, "0.16": 0.009485149383544922, "0.84": 0.01916868209838867, "-1.0": 0.016793112229542075}, "350.0": {"0.5": 0.018515625, "0.025": 0.0096917724609375, "0.975": 0.03650306224822998, "0.16": 0.013069653511047363, "0.84": 0.026486465930938723, "-1.0": 0.0248614265682249}}