{"40.0": {"0.5": 1.678125e-05, "0.025": 8.783935546875001e-06, "0.975": 3.3233508110046386e-05, "0.16": 1.1907886505126953e-05, "0.84": 2.4072343826293946e-05, "-1.0": 1.4696461646581917e-05}, "50.0": {"0.5": 1.9140625000000003e-05, "0.025": 1.0018920898437501e-05, "0.975": 3.804667234420777e-05, "0.16": 1.3510823249816895e-05, "0.84": 2.7304227352142336e-05, "-1.0": 1.9230902422577983e-05}, "75.0": {"0.5": 0.00104296875, "0.025": 0.000545928955078125, "0.975": 0.002084003448486328, "0.16": 0.0007400851249694825, "0.84": 0.0015044310092926026, "-1.0": 0.0009551842274715255}, "60.0": {"0.5": 3.609375e-05, "0.025": 1.8892822265625002e-05, "0.975": 7.202671527862549e-05, "0.16": 2.5275979042053223e-05, "0.84": 5.1919584274291996e-05, "-1.0": 3.284501754773926e-05}}