{"100.0": {"0.5": 0.0019375, "0.025": 0.001029296875, "0.975": 0.0037306745052337648, "0.16": 0.001384063720703125, "0.84": 0.002748410701751709, "-1.0": 0.0012746472647060915}, "85.0": {"0.5": 0.0023671875, "0.025": 0.001248321533203125, "0.975": 0.004603045463562012, "0.16": 0.0016766374111175538, "0.84": 0.0033579370975494387, "-1.0": 0.0014553426900180478}, "125.0": {"0.5": 0.0051875, "0.025": 0.002776123046875, "0.975": 0.009861041069030761, "0.16": 0.003718067169189453, "0.84": 0.0073172926902771, "-1.0": 0.0033507666345478563}}