{"800.0": {"0.5": 0.15859375, "0.025": 0.07867736816406251, "0.975": 0.3400932312011719, "0.16": 0.10864601135253907, "0.84": 0.23634960651397707, "-1.0": 0.20824855736064074}, "1200.0": {"0.5": 0.6484375, "0.025": 0.32421875, "0.975": 1.3890347480773926, "0.16": 0.443267822265625, "0.84": 0.963770866394043, "-1.0": 0.8650838120421549}, "450.0": {"0.5": 0.03388671875, "0.025": 0.017208099365234375, "0.975": 0.06990660429000854, "0.16": 0.023592883348464967, "0.84": 0.0496903657913208, "-1.0": 0.04075352323412619}, "900.0": {"0.5": 0.23203125000000002, "0.025": 0.1151092529296875, "0.975": 0.49616942405700687, "0.16": 0.1589550018310547, "0.84": 0.345792293548584, "-1.0": 0.3053480498861729}, "1000.0": {"0.5": 0.33515625, "0.025": 0.167578125, "0.975": 0.7207491874694824, "0.16": 0.2291107177734375, "0.84": 0.499477744102478, "-1.0": 0.4446464751723472}, "1500.0": {"0.5": 1.8828125, "0.025": 0.94140625, "0.975": 4.07177209854126, "0.16": 1.29443359375, "0.84": 2.8059239387512207, "-1.0": 2.539175964061102}, "400.0": {"0.5": 0.026015625, "0.025": 0.01331268310546875, "0.975": 0.05299204826354981, "0.16": 0.018175528049468995, "0.84": 0.03783735513687134, "-1.0": 0.02966857580770982}, "500.0": {"0.5": 0.0439453125, "0.025": 0.022144317626953125, "0.975": 0.09195020794868469, "0.16": 0.030319690704345703, "0.84": 0.06479029059410095, "-1.0": 0.05445464818195472}, "600.0": {"0.5": 0.064921875, "0.025": 0.0324609375, "0.975": 0.1369449806213379, "0.16": 0.0446337890625, "0.84": 0.0962344193458557, "-1.0": 0.08235723859063847}, "700.0": {"0.5": 0.10234375000000001, "0.025": 0.051171875000000006, "0.975": 0.21884915828704835, "0.16": 0.070361328125, "0.84": 0.1525211811065674, "-1.0": 0.1327460733818023}}