{"40.0": {"0.5": 2.734375e-06, "0.025": 1.3778686523437499e-06, "0.975": 5.840770721435547e-06, "0.16": 1.8865585327148437e-06, "0.84": 4.064094066619873e-06, "-1.0": 2.6357509331522093e-06}, "30.0": {"0.5": 2.3749999999999997e-06, "0.025": 1.21533203125e-06, "0.975": 5.0097799301147456e-06, "0.16": 1.6547374725341796e-06, "0.84": 3.520488977432251e-06, "-1.0": 2.4878856578790905e-06}}