{"12.5": {"0.5": 7.809917355371902e-06, "0.025": 4.766171173095269e-06, "0.975": 1.4036603625123497e-05, "0.16": 5.582091187060904e-06, "0.84": 9.470194657474622e-06, "-1.0": 7.961587292778174e-06}, "17.5": {"0.5": 3.726611226611227e-06, "0.025": 2.3571814046719605e-06, "0.975": 6.45980850764151e-06, "0.16": 2.5198911866351195e-06, "0.84": 4.66035291531058e-06, "-1.0": 3.887315600967809e-06}, "10.0": {"0.5": 1.8359375e-05, "0.025": 9.747180613478766e-06, "0.975": 2.458429246875485e-05, "0.16": 1.3034169641404944e-05, "0.84": 2.2296417195570104e-05, "-1.0": 1.863291131510205e-05}, "15.0": {"0.5": 4.749466950959488e-06, "0.025": 3.3633715561674195e-06, "0.975": 8.793554560788004e-06, "0.16": 4.083049519114442e-06, "0.84": 6.721739148189084e-06, "-1.0": 4.81707251165127e-06}, "20.0": {"0.5": 2.689873417721519e-06, "0.025": 2.0661792417275947e-06, "0.975": 4.912589583321691e-06, "0.16": 2.313441872245935e-06, "0.84": 4.0412663917560975e-06, "-1.0": 2.9489916028476368e-06}, "25.0": {"0.5": 2.4241758241758245e-06, "0.025": 1.5879590752514953e-06, "0.975": 4.84924093043832e-06, "0.16": 2.0436824990837425e-06, "0.84": 3.7458001241055143e-06, "-1.0": 2.4784171521749744e-06}, "30.0": {"0.5": 2.4387755102040817e-06, "0.025": 1.4818769206524308e-06, "0.975": 4.925463982969513e-06, "0.16": 2.006719789190144e-06, "0.84": 3.85989493649345e-06, "-1.0": 2.4782876562844105e-06}}