{"200.0": {"0.5": 0.0040625, "0.025": 0.002142333984375, "0.975": 0.008269658088684082, "0.16": 0.0028773975372314454, "0.84": 0.00585995626449585, "-1.0": 0.004786845696287031}, "125.0": {"0.5": 0.0020859375, "0.025": 0.00109185791015625, "0.975": 0.004061768054962158, "0.16": 0.001480170249938965, "0.84": 0.0029672889709472655, "-1.0": 0.0025494320155931708}, "150.0": {"0.5": 0.0025546875, "0.025": 0.001357177734375, "0.975": 0.005078065872192383, "0.16": 0.0018109216690063478, "0.84": 0.0036442785263061522, "-1.0": 0.0030576693993315165}}