{"200.0": {"0.5": 0.005125, "0.025": 0.002642578125, "0.975": 0.01036266803741455, "0.16": 0.0035928802490234374, "0.84": 0.007433416843414307, "-1.0": 0.006942141595132807}, "400.0": {"0.5": 0.017578125, "0.025": 0.0086517333984375, "0.975": 0.037334327697753904, "0.16": 0.011999130249023438, "0.84": 0.026126317977905274, "-1.0": 0.03074784619271798}, "250.0": {"0.5": 0.00619140625, "0.025": 0.003095703125, "0.975": 0.012863855361938476, "0.16": 0.004256591796875, "0.84": 0.009103553295135498, "-1.0": 0.009893393148507497}, "300.0": {"0.5": 0.008375, "0.025": 0.00415478515625, "0.975": 0.017666067123413086, "0.16": 0.00573736572265625, "0.84": 0.012414356231689454, "-1.0": 0.014313964342048216}, "350.0": {"0.5": 0.012109375, "0.025": 0.00600738525390625, "0.975": 0.02571920394897461, "0.16": 0.008295631408691407, "0.84": 0.017998130321502687, "-1.0": 0.021060425957570624}}