{"40.0": {"0.5": 2.8359375e-06, "0.025": 1.41796875e-06, "0.975": 6.115824222564697e-06, "0.16": 1.94970703125e-06, "0.84": 4.226350307464599e-06, "-1.0": 2.7868550478166283e-06}, "50.0": {"0.5": 3.1875e-06, "0.025": 1.59375e-06, "0.975": 6.835371494293213e-06, "0.16": 2.19140625e-06, "0.84": 4.750277996063232e-06, "-1.0": 3.528765819582043e-06}, "75.0": {"0.5": 0.00019921875000000001, "0.025": 0.0001019439697265625, "0.975": 0.00041342883110046387, "0.16": 0.00013842201232910158, "0.84": 0.00029212779998779296, "-1.0": 0.00020036264439120304}, "60.0": {"0.5": 5.6484375e-06, "0.025": 2.846282958984375e-06, "0.975": 1.205225944519043e-05, "0.16": 3.897090911865234e-06, "0.84": 8.372742176055908e-06, "-1.0": 6.3397318936999194e-06}}