{"100.0": {"0.5": 0.0009406250000000001, "0.025": 0.00048500976562500004, "0.975": 0.001896084976196289, "0.16": 0.0006594249725341797, "0.84": 0.0013643039703369142, "-1.0": 0.0011399224408575215}, "85.0": {"0.5": 0.000948828125, "0.025": 0.0004707077026367187, "0.975": 0.0020174548864364625, "0.16": 0.0006500028610229492, "0.84": 0.0014140226840972901, "-1.0": 0.0014454943293580665}, "125.0": {"0.5": 0.0027109375000000002, "0.025": 0.001440185546875, "0.975": 0.005195284366607666, "0.16": 0.0019365730285644531, "0.84": 0.0038347525596618653, "-1.0": 0.003592240380863444}}