{"800.0": {"0.5": 0.105859375, "0.025": 0.0529296875, "0.975": 0.23068535327911377, "0.16": 0.07236480712890625, "0.84": 0.158604371547699, "-1.0": 0.12042444754757811}, "1200.0": {"0.5": 0.412109375, "0.025": 0.2028350830078125, "0.975": 0.9140139818191528, "0.16": 0.2813129425048828, "0.84": 0.6240158081054688, "-1.0": 0.4196395993137472}, "450.0": {"0.5": 0.024453125, "0.025": 0.012417602539062501, "0.975": 0.05110617160797119, "0.16": 0.016930923461914063, "0.84": 0.03595472812652588, "-1.0": 0.037891256597404804}, "900.0": {"0.5": 0.1546875, "0.025": 0.07673950195312501, "0.975": 0.3370900630950928, "0.16": 0.10536103248596192, "0.84": 0.23176138401031496, "-1.0": 0.16740116848938338}, "1000.0": {"0.5": 0.24765625000000002, "0.025": 0.12189331054687501, "0.975": 0.5452412605285645, "0.16": 0.1690544128417969, "0.84": 0.3730266332626343, "-1.0": 0.2592973082182446}, "1500.0": {"0.5": 0.94921875, "0.025": 0.467193603515625, "0.975": 2.122246503829956, "0.16": 0.6441872119903564, "0.84": 1.437306523323059, "-1.0": 0.9228546297583953}, "400.0": {"0.5": 0.0184375, "0.025": 0.00936279296875, "0.975": 0.038262434005737304, "0.16": 0.01276580810546875, "0.84": 0.027036142349243165, "-1.0": 0.02989666412953671}, "500.0": {"0.5": 0.03234375, "0.025": 0.0162982177734375, "0.975": 0.06807118892669678, "0.16": 0.022315292358398436, "0.84": 0.04768565654754638, "-1.0": 0.04719560648538692}, "600.0": {"0.5": 0.045625, "0.025": 0.02299072265625, "0.975": 0.09745743751525879, "0.16": 0.03147857666015625, "0.84": 0.06781230926513672, "-1.0": 0.05990216804131751}, "700.0": {"0.5": 0.07109375000000001, "0.025": 0.035546875000000006, "0.975": 0.15374741077423096, "0.16": 0.04859924316406251, "0.84": 0.10594982981681825, "-1.0": 0.08525452900983237}}