{"12.5": {"0.5": 1.0151898734177216e-05, "0.025": 7.790892217603848e-06, "0.975": 2.0914955595408924e-05, "0.16": 9.008142745099187e-06, "0.84": 1.682171341357724e-05, "-1.0": 1.1829920593840325e-05}, "17.5": {"0.5": 5.412698412698413e-06, "0.025": 3.7156448202959834e-06, "0.975": 9.733716850709248e-06, "0.16": 4.453680568902557e-06, "0.84": 8.071742538934737e-06, "-1.0": 5.921679416574301e-06}, "10.0": {"0.5": 2.3225806451612902e-05, "0.025": 1.764489902963546e-05, "0.975": 3.6684718888110224e-05, "0.16": 2.068325483028109e-05, "0.84": 2.505541530139631e-05, "-1.0": 2.3915190009687228e-05}, "15.0": {"0.5": 7.7431906614786e-06, "0.025": 4.643185707188725e-06, "0.975": 1.3507299145520939e-05, "0.16": 5.384833966327488e-06, "0.84": 9.404401371754653e-06, "-1.0": 7.971763608791825e-06}, "20.0": {"0.5": 4.678217821782179e-06, "0.025": 2.5660066006600664e-06, "0.975": 9.115506054911466e-06, "0.16": 3.7181218121812184e-06, "0.84": 6.880684410646389e-06, "-1.0": 4.849415551294783e-06}, "25.0": {"0.5": 4.504405286343613e-06, "0.025": 2.369098949695965e-06, "0.975": 9.224923163533781e-06, "0.16": 3.2228674409291152e-06, "0.84": 6.781243066568318e-06, "-1.0": 4.558632390425143e-06}, "30.0": {"0.5": 4.791666666666667e-06, "0.025": 2.4439034369885435e-06, "0.975": 9.77474434573644e-06, "0.16": 3.606899388810532e-06, "0.84": 7.607460808040851e-06, "-1.0": 4.490057552745183e-06}}