{"200.0": {"0.5": 0.00521484375, "0.025": 0.0026685333251953124, "0.975": 0.010452576875686646, "0.16": 0.003613453209400177, "0.84": 0.007522155046463013, "-1.0": 0.004019706395140233}, "250.0": {"0.5": 0.0101171875, "0.025": 0.00513763427734375, "0.975": 0.020341951847076416, "0.16": 0.0070049667358398435, "0.84": 0.014593545198440552, "-1.0": 0.007658061816701565}, "125.0": {"0.5": 0.0026640625, "0.025": 0.00139447021484375, "0.975": 0.00526888656616211, "0.16": 0.001880486011505127, "0.84": 0.003810921669006348, "-1.0": 0.0019704252743720538}, "150.0": {"0.5": 0.00315234375, "0.025": 0.00162542724609375, "0.975": 0.00634630537033081, "0.16": 0.002209949970245361, "0.84": 0.00455966591835022, "-1.0": 0.002559519310055764}}