{"40.0": {"0.5": 6.2578125000000005e-06, "0.025": 3.202239990234375e-06, "0.975": 1.2986529350280763e-05, "0.16": 4.360015511512756e-06, "0.84": 9.176249742507934e-06, "-1.0": 5.072637400928489e-06}, "30.0": {"0.5": 4.640625e-06, "0.025": 2.37469482421875e-06, "0.975": 9.630459785461426e-06, "0.16": 3.2244186401367186e-06, "0.84": 6.804859638214111e-06, "-1.0": 4.190920200451023e-06}}