{"400.0": {"0.5": 0.021171875, "0.025": 0.01050323486328125, "0.975": 0.04460911750793457, "0.16": 0.014503974914550782, "0.84": 0.03129891395568848, "-1.0": 0.04752028317583679}, "250.0": {"0.5": 0.007734375, "0.025": 0.0039276123046875, "0.975": 0.01595562815666199, "0.16": 0.005355148315429687, "0.84": 0.011341432332992554, "-1.0": 0.015281170347112294}, "300.0": {"0.5": 0.01046875, "0.025": 0.005234375, "0.975": 0.02190458297729492, "0.16": 0.007197265625, "0.84": 0.015434486865997315, "-1.0": 0.022674219866721725}, "350.0": {"0.5": 0.0147265625, "0.025": 0.00736328125, "0.975": 0.03106393337249756, "0.16": 0.01012451171875, "0.84": 0.021829347610473632, "-1.0": 0.03283387849943162}}