{"40.0": {"0.5": 6.65625e-06, "0.025": 3.380126953125e-06, "0.975": 1.3911327838897705e-05, "0.16": 4.608673095703125e-06, "0.84": 9.787037372589112e-06, "-1.0": 4.410074738707266e-06}, "50.0": {"0.5": 1.11328125e-05, "0.025": 5.7403564453125005e-06, "0.975": 2.2911312580108645e-05, "0.16": 7.762527465820314e-06, "0.84": 1.623603701591492e-05, "-1.0": 8.016191784879669e-06}, "75.0": {"0.5": 0.0005234375, "0.025": 0.0002698974609375, "0.975": 0.0010694501399993897, "0.16": 0.0003649749755859375, "0.84": 0.0007612921595573425, "-1.0": 0.0003346077998486455}, "60.0": {"0.5": 2.1640625000000003e-05, "0.025": 1.1158447265625e-05, "0.975": 4.4268832206726075e-05, "0.16": 1.5089263916015626e-05, "0.84": 3.156057834625244e-05, "-1.0": 1.49936524500193e-05}}