{"100.0": {"0.5": 0.0015, "0.025": 0.00078515625, "0.975": 0.002957210063934326, "0.16": 0.001058807373046875, "0.84": 0.0021457388401031493, "-1.0": 0.0008816733052210095}, "85.0": {"0.5": 0.0018828125, "0.025": 0.0009855346679687501, "0.975": 0.003762133598327637, "0.16": 0.0013290238380432129, "0.84": 0.002715864419937134, "-1.0": 0.0011790338007235848}, "125.0": {"0.5": 0.003546875, "0.025": 0.00188427734375, "0.975": 0.006842353343963623, "0.16": 0.0025337295532226562, "0.84": 0.005017226696014405, "-1.0": 0.002374728870539239}}