{"800.0": {"0.5": 0.14179687500000002, "0.025": 0.0697906494140625, "0.975": 0.3093149185180664, "0.16": 0.09679298400878907, "0.84": 0.2130131244659424, "-1.0": 0.1782512231595976}, "1200.0": {"0.5": 0.54296875, "0.025": 0.2651214599609375, "0.975": 1.204245924949646, "0.16": 0.36822885274887085, "0.84": 0.8221630454063416, "-1.0": 0.6757973925042752}, "450.0": {"0.5": 0.033203125, "0.025": 0.0168609619140625, "0.975": 0.06841418147087097, "0.16": 0.02311694622039795, "0.84": 0.0485556185245514, "-1.0": 0.04448741927033324}, "900.0": {"0.5": 0.20390625, "0.025": 0.10036010742187501, "0.975": 0.44602551460266116, "0.16": 0.13838095664978028, "0.84": 0.3063163995742798, "-1.0": 0.2552226258829528}, "1000.0": {"0.5": 0.289453125, "0.025": 0.1424652099609375, "0.975": 0.6355263233184815, "0.16": 0.19643733501434327, "0.84": 0.4359822392463684, "-1.0": 0.36014649681391436}, "1500.0": {"0.5": 1.5625, "0.025": 0.7568359375, "0.975": 3.5092480182647705, "0.16": 1.0526657104492188, "0.84": 2.3783931732177734, "-1.0": 1.945708756780177}, "400.0": {"0.5": 0.025468750000000002, "0.025": 0.01313232421875, "0.975": 0.051878104209899904, "0.16": 0.01775848388671875, "0.84": 0.03704197645187378, "-1.0": 0.035298693103151306}, "500.0": {"0.5": 0.0431640625, "0.025": 0.02191925048828125, "0.975": 0.09031554460525514, "0.16": 0.029886054992675784, "0.84": 0.0636384665966034, "-1.0": 0.05687789155480974}, "600.0": {"0.5": 0.061171875, "0.025": 0.0305859375, "0.975": 0.129779634475708, "0.16": 0.0420556640625, "0.84": 0.09067575216293335, "-1.0": 0.07847146018760008}, "700.0": {"0.5": 0.09453125000000001, "0.025": 0.0468963623046875, "0.975": 0.20350461006164552, "0.16": 0.06475944519042968, "0.84": 0.14125514030456543, "-1.0": 0.12026638336407336}}