{"40.0": {"0.5": 1.065625e-05, "0.025": 5.702758789062499e-06, "0.975": 2.0197315216064452e-05, "0.16": 7.63771629333496e-06, "0.84": 1.4946352958679198e-05, "-1.0": 1.2900473886661718e-05}, "20.0": {"0.5": 8.0625e-06, "0.025": 4.283203125e-06, "0.975": 1.5531574249267577e-05, "0.16": 5.759490966796874e-06, "0.84": 1.137265968322754e-05, "-1.0": 9.24042194913657e-06}, "30.0": {"0.5": 9e-06, "0.025": 4.81640625e-06, "0.975": 1.7083227157592773e-05, "0.16": 6.450622558593749e-06, "0.84": 1.2659187316894531e-05, "-1.0": 1.0528377110158672e-05}}