{"12.5": {"0.5": 2.2295081967213117e-05, "0.025": 1.6123432979749278e-05, "0.975": 3.1203520198473225e-05, "0.16": 1.944777018769957e-05, "0.84": 2.434490489840024e-05, "-1.0": 2.3265988594097882e-05}, "17.5": {"0.5": 9.987146529562983e-06, "0.025": 7.083774383789506e-06, "0.975": 2.1121023972130863e-05, "0.16": 8.671400984349165e-06, "0.84": 1.6755171248247443e-05, "-1.0": 1.2402450024015263e-05}, "10.0": {"0.5": 3.818101933216169e-05, "0.025": 2.438206552979498e-05, "0.975": 4.91381759391632e-05, "0.16": 2.9032458126451403e-05, "0.84": 4.488651754714708e-05, "-1.0": 4.1552792006371075e-05}, "15.0": {"0.5": 1.6374269005847955e-05, "0.025": 9.187188088030762e-06, "0.975": 2.3587465797968613e-05, "0.16": 1.0387171913982184e-05, "0.84": 2.077853646358772e-05, "-1.0": 1.734991542760405e-05}, "20.0": {"0.5": 9.456521739130436e-06, "0.025": 5.364450127877238e-06, "0.975": 2.0068034867812852e-05, "0.16": 7.602083271419656e-06, "0.84": 1.4858653519207195e-05, "-1.0": 1.0465619247238255e-05}, "25.0": {"0.5": 9.458874458874459e-06, "0.025": 4.919779590668384e-06, "0.975": 2.0733516509312164e-05, "0.16": 7.249974593328757e-06, "0.84": 1.5440890089462094e-05, "-1.0": 1.1645146649154393e-05}, "30.0": {"0.5": 9.556962025316456e-06, "0.025": 4.966570569833774e-06, "0.975": 2.0655257104868365e-05, "0.16": 7.42247199247168e-06, "0.84": 1.563285380466245e-05, "-1.0": 1.1699729190892097e-05}}