{"200.0": {"0.5": 0.007, "0.025": 0.0036640625000000002, "0.975": 0.013693500518798828, "0.16": 0.00494110107421875, "0.84": 0.009985546112060546, "-1.0": 0.009629852324999012}, "125.0": {"0.5": 0.003828125, "0.025": 0.00203369140625, "0.975": 0.00737448787689209, "0.16": 0.0027346420288085938, "0.84": 0.00539980936050415, "-1.0": 0.005341012057553809}, "150.0": {"0.5": 0.005015625, "0.025": 0.00266455078125, "0.975": 0.009689417839050293, "0.16": 0.0035645713806152345, "0.84": 0.007114837169647217, "-1.0": 0.006980156815685859}}