{"200.0": {"0.5": 0.00903125, "0.025": 0.0047978515625, "0.975": 0.017422380447387694, "0.16": 0.006418449401855469, "0.84": 0.012775140762329102, "-1.0": 0.013834792014802573}, "400.0": {"0.5": 0.023828125000000002, "0.025": 0.0124725341796875, "0.975": 0.04689006805419922, "0.16": 0.01690831184387207, "0.84": 0.03418093681335449, "-1.0": 0.04862992797678887}, "250.0": {"0.5": 0.0091796875, "0.025": 0.004840850830078125, "0.975": 0.017957435846328737, "0.16": 0.006535708904266357, "0.84": 0.013094884157180787, "-1.0": 0.017413034348120887}, "300.0": {"0.5": 0.011625, "0.025": 0.0060849609375, "0.975": 0.022814298629760744, "0.16": 0.008249038696289063, "0.84": 0.016583139419555665, "-1.0": 0.02328763683071422}, "350.0": {"0.5": 0.016484375, "0.025": 0.0086285400390625, "0.975": 0.032350921630859376, "0.16": 0.011635851860046387, "0.84": 0.023515069484710695, "-1.0": 0.03325987578987971}}