{"40.0": {"0.5": 1.85625e-05, "0.025": 9.933837890624999e-06, "0.975": 3.518242263793945e-05, "0.16": 1.3304409027099608e-05, "0.84": 2.603558349609375e-05, "-1.0": 2.3925878507274812e-05}, "50.0": {"0.5": 1.2703125e-05, "0.025": 6.74853515625e-06, "0.975": 2.4540487289428713e-05, "0.16": 9.074546813964844e-06, "0.84": 1.8019821166992187e-05, "-1.0": 2.248528753194046e-05}, "75.0": {"0.5": 0.0008812500000000001, "0.025": 0.00047160644531250005, "0.975": 0.0016727327346801758, "0.16": 0.0006316234588623047, "0.84": 0.0012395454406738283, "-1.0": 0.0012635369072498417}, "60.0": {"0.5": 2.034375e-05, "0.025": 1.08076171875e-05, "0.975": 3.919013500213623e-05, "0.16": 1.4458168029785157e-05, "0.84": 2.8696128845214843e-05, "-1.0": 3.611922660346699e-05}}