{"100.0": {"0.5": 0.0016562500000000002, "0.025": 0.0008798828125, "0.975": 0.0031996208190917972, "0.16": 0.0011770858764648439, "0.84": 0.0023494478225708007, "-1.0": 0.0018582378927902057}, "85.0": {"0.5": 0.00183203125, "0.025": 0.0009661102294921875, "0.975": 0.0035673580169677736, "0.16": 0.0012975956201553345, "0.84": 0.0026061020374298096, "-1.0": 0.0023127505128094253}, "125.0": {"0.5": 0.004296875, "0.025": 0.0022994995117187503, "0.975": 0.008144079208374023, "0.16": 0.0030797243118286135, "0.84": 0.006026755332946778, "-1.0": 0.006312891889525339}}