{"800.0": {"0.5": 0.138671875, "0.025": 0.0693359375, "0.975": 0.29387428760528567, "0.16": 0.0953369140625, "0.84": 0.20500211715698244, "-1.0": 0.19575619352513834}, "1200.0": {"0.5": 0.58984375, "0.025": 0.2972259521484375, "0.975": 1.2486135959625244, "0.16": 0.40695762634277344, "0.84": 0.8696296811103821, "-1.0": 0.7546031759871958}, "450.0": {"0.5": 0.029453125, "0.025": 0.01507171630859375, "0.975": 0.06025035858154297, "0.16": 0.020464744567871094, "0.84": 0.0429542875289917, "-1.0": 0.05241093570761245}, "900.0": {"0.5": 0.20859375000000002, "0.025": 0.1051116943359375, "0.975": 0.4400037288665772, "0.16": 0.14391746520996093, "0.84": 0.30920085906982425, "-1.0": 0.28503145955696474}, "1000.0": {"0.5": 0.33437500000000003, "0.025": 0.16718750000000002, "0.975": 0.7142428398132324, "0.16": 0.2298828125, "0.84": 0.496980619430542, "-1.0": 0.4387292950501671}, "1500.0": {"0.5": 1.41015625, "0.025": 0.716094970703125, "0.975": 2.9850962162017822, "0.16": 0.9763679504394531, "0.84": 2.0790483951568604, "-1.0": 1.731597384185443}, "400.0": {"0.5": 0.022734375, "0.025": 0.011722412109375, "0.975": 0.045968542098999025, "0.16": 0.015937929153442384, "0.84": 0.03297445774078369, "-1.0": 0.041795186980098264}, "500.0": {"0.5": 0.0387890625, "0.025": 0.019697570800781248, "0.975": 0.08001989364624024, "0.16": 0.02685688018798828, "0.84": 0.05687900304794311, "-1.0": 0.06658034333295118}, "600.0": {"0.5": 0.0575, "0.025": 0.029199218750000002, "0.975": 0.11946746826171875, "0.16": 0.03981201171875, "0.84": 0.08454529762268066, "-1.0": 0.09138584318400854}, "700.0": {"0.5": 0.09160156250000001, "0.025": 0.04615859985351563, "0.975": 0.19300438404083253, "0.16": 0.06319971084594728, "0.84": 0.13541689276695254, "-1.0": 0.1359949062886882}}