{"40.0": {"0.5": 0.00057890625, "0.025": 0.000303021240234375, "0.975": 0.001174135708808899, "0.16": 0.00040647811889648434, "0.84": 0.0008396588802337645, "-1.0": 0.0005404883802410838}, "30.0": {"0.5": 0.000478515625, "0.025": 0.0002504730224609375, "0.975": 0.0009536553621292115, "0.16": 0.00033509820699691774, "0.84": 0.0006864204406738281, "-1.0": 0.0005196379269570128}}