{"25.0": {"0.5": 0.0004807692307692308, "0.025": 0.0002833196215549157, "0.975": 0.0009181282146450934, "0.16": 0.0003896751650959827, "0.84": 0.0006748096688602951, "-1.0": 0.0004944492019612352}, "10.0": {"0.5": 0.0007941176470588235, "0.025": 0.0004637322015334064, "0.975": 0.0019197960172707537, "0.16": 0.0005858238765864543, "0.84": 0.0012800738061616037, "-1.0": 0.0007842932806763616}, "20.0": {"0.5": 0.0004934640522875817, "0.025": 0.00030600338900992497, "0.975": 0.0009515578642752233, "0.16": 0.0004073221257135712, "0.84": 0.000702782866581195, "-1.0": 0.0006114123360639516}, "30.0": {"0.5": 0.0005216216216216217, "0.025": 0.0003184882041405874, "0.975": 0.0009900820111942894, "0.16": 0.00042042564467316575, "0.84": 0.0007310332376642525, "-1.0": 0.000552330251285244}, "15.0": {"0.5": 0.0004809322033898305, "0.025": 0.000245131958305611, "0.975": 0.0009729157358591726, "0.16": 0.0003591332931156512, "0.84": 0.0007036415344495932, "-1.0": 0.0004890720591731941}}