{"40.0": {"0.5": 0.0005531249999999999, "0.025": 0.0002895263671875, "0.975": 0.001102347707748413, "0.16": 0.0003904352188110351, "0.84": 0.0007934459924697875, "-1.0": 0.0007725970464219848}, "50.0": {"0.5": 0.00070546875, "0.025": 0.000369268798828125, "0.975": 0.0013971069931983948, "0.16": 0.0004953437805175782, "0.84": 0.0010119798541069031, "-1.0": 0.0008634677448858388}, "75.0": {"0.5": 0.030234374999999997, "0.025": 0.015825805664062498, "0.975": 0.060412681102752684, "0.16": 0.021341586112976072, "0.84": 0.04361159563064575, "-1.0": 0.023485303660404053}, "60.0": {"0.5": 0.0017734375, "0.025": 0.00092828369140625, "0.975": 0.0035343635082244872, "0.16": 0.001251819133758545, "0.84": 0.0025439581871032715, "-1.0": 0.0018054443583641077}}