{"500.0": {"0.5": 0.564453125, "0.025": 0.2954559326171875, "0.975": 1.1077507734298706, "0.16": 0.3984314203262329, "0.84": 0.8051961064338684, "-1.0": 0.48306504091976443}}